Year,County,Race,Total Married,Percent Married,Total population,Percent of population,,,,,,,,,,,,,,
2017,Cook,White,"2,481,185",47.40%,"3,072,581",58.70%,,,,,,,,,,,,,,
2017,Cook,Black or African American,"996,533",23.40%,"1,291,839",24.70%,,,,,,,,,,,,,,
2017,Cook,American Indian and Alaska Native,"11,353",42.20%,"38,651",0.70%,,,,,,,,,,,,,,
2017,Cook,Asian,"309,994",58.00%,"414,671",7.90%,,,,,,,,,,,,,,
2017,Cook,Native Hawaiian and Other Pacific Islander,"1,433",36.80%,"5,810",0.10%,,,,,,,,,,,,,,
2017,Cook,Some other race,"380,164",44.10%,"555,781",10.60%,,,,,,,,,,,,,,
2016,Cook,White,"2,476,090",47.30%,"3,065,802",58.60%,,,,,,,,,,,,,,
2016,Cook,Black or African American,"998,676",23.50%,"1,298,336",24.80%,,,,,,,,,,,,,,
2016,Cook,American Indian and Alaska Native,"11,411",42.50%,"38,514",0.70%,,,,,,,,,,,,,,
2016,Cook,Asian,"301,369",58.10%,"401,840",7.70%,,,,,,,,,,,,,,
2016,Cook,Native Hawaiian and Other Pacific Islander,"1,440",40.30%,"5,741",0.10%,,,,,,,,,,,,,,
2016,Cook,Some other race,"376,540",44.30%,"550,819",10.50%,,,,,,,,,,,,,,
2015,Cook,White,"2,482,633",47.20%,"3,072,814",58.70%,,,,,,,,,,,,,,
2015,Cook,Black or African American,"1,001,120",23.50%,"1,302,693",24.90%,,,,,,,,,,,,,,
2015,Cook,American Indian and Alaska Native,"10,747",40.50%,"37,087",0.70%,,,,,,,,,,,,,,
2015,Cook,Asian,"297,884",57.90%,"395,844",7.60%,,,,,,,,,,,,,,
2015,Cook,Native Hawaiian and Other Pacific Islander,"1,043",43.80%,"5,357",0.10%,,,,,,,,,,,,,,
2015,Cook,Some other race,"374,572",44.80%,"550,170",10.50%,,,,,,,,,,,,,,
2014,Cook,White,"2,483,453",47.40%,"3,065,930",58.60%,,,,,,,,,,,,,,
2014,Cook,Black or African American,"1,003,272",23.70%,"1,309,251",25.00%,,,,,,,,,,,,,,
2014,Cook,American Indian and Alaska Native,"10,502",39.70%,"36,142",0.70%,,,,,,,,,,,,,,
2014,Cook,Asian,"289,172",57.60%,"382,875",7.30%,,,,,,,,,,,,,,
2014,Cook,Native Hawaiian and Other Pacific Islander,971,42.10%,"5,914",0.10%,,,,,,,,,,,,,,
2014,Cook,Some other race,"369,752",44.60%,"547,384",10.50%,,,,,,,,,,,,,,
2013,Cook,White,"2,468,629",47.60%,"3,040,603",58.30%,,,,,,,,,,,,,,
2013,Cook,Black or African American,"1,004,645",24.00%,"1,314,247",25.20%,,,,,,,,,,,,,,
2013,Cook,American Indian and Alaska Native,"10,112",40.10%,"33,896",0.70%,,,,,,,,,,,,,,
2013,Cook,Asian,"280,329",57.90%,"370,613",7.10%,,,,,,,,,,,,,,
2013,Cook,Native Hawaiian and Other Pacific Islander,986,42.40%,"5,492",0.10%,,,,,,,,,,,,,,
2013,Cook,Some other race,"377,360",45.50%,"559,023",10.70%,,,,,,,,,,,,,,
2012,Cook,White,"2,448,333",47.90%,"3,015,525",58.00%,,,,,,,,,,,,,,
2012,Cook,Black or African American,"1,007,785",24.30%,"1,322,870",25.50%,,,,,,,,,,,,,,
2012,Cook,American Indian and Alaska Native,"9,837",38.00%,"31,562",0.60%,,,,,,,,,,,,,,
2012,Cook,Asian,"274,119",57.70%,"359,658",6.90%,,,,,,,,,,,,,,
2012,Cook,Native Hawaiian and Other Pacific Islander,"1,095",44.70%,"5,022",0.10%,,,,,,,,,,,,,,
2012,Cook,Some other race,"385,671",45.60%,"568,019",10.90%,,,,,,,,,,,,,,
2011,Cook,White,"2,396,732",48.30%,"2,938,779",56.70%,,,,,,,,,,,,,,
2011,Cook,Black or African American,"1,006,944",24.80%,"1,326,681",25.60%,,,,,,,,,,,,,,
2011,Cook,American Indian and Alaska Native,"9,044",38.30%,"29,459",0.60%,,,,,,,,,,,,,,
2011,Cook,Asian,"267,632",57.80%,"350,142",6.80%,,,,,,,,,,,,,,
2011,Cook,Native Hawaiian and Other Pacific Islander,"1,394",39.30%,"4,689",0.10%,,,,,,,,,,,,,,
2011,Cook,Some other race,"429,534",46.50%,"631,543",12.20%,,,,,,,,,,,,,,
2010,Cook,White,"2,348,619",48.80%,"2,869,032",55.50%,,,,,,,,,,,,,,
2010,Cook,Black or African American,"1,009,441",25.50%,"1,335,218",25.80%,,,,,,,,,,,,,,
2010,Cook,American Indian and Alaska Native,"8,324",39.20%,"27,204",0.50%,,,,,,,,,,,,,,
2010,Cook,Asian,"263,424",58.20%,"342,664",6.60%,,,,,,,,,,,,,,
2010,Cook,Native Hawaiian and Other Pacific Islander,"1,110",36.80%,"3,490",0.10%,,,,,,,,,,,,,,
2010,Cook,Some other race,"468,154",47.10%,"685,664",13.30%,,,,,,,,,,,,,,
2009,Cook,White,"2,358,907",49.20%,,,,,,,,,,,,,,,,
2009,Cook,Black or African American,"1,032,172",25.60%,,,,,,,,,,,,,,,,
2009,Cook,American Indian and Alaska Native,"7,870",39.50%,,,,,,,,,,,,,,,,
2009,Cook,Asian,"243,103",58.50%,,,,,,,,,,,,,,,,
2009,Cook,Native Hawaiian and Other Pacific Islander,"1,152",38.50%,,,,,,,,,,,,,,,,
2009,Cook,Some other race,"486,735",48.10%,,,,,,,,,,,,,,,,
2017,Lake,White,"447,173",56.20%,"568,764",80.70%,,,,,,,,,,,,,,
2017,Lake,Black or African American,"37,526",30.00%,"54,725",7.80%,,,,,,,,,,,,,,
2017,Lake,American Indian and Alaska Native,"1,187",42.90%,"5,023",0.70%,,,,,,,,,,,,,,
2017,Lake,Asian,"40,215",69.90%,"58,486",8.30%,,,,,,,,,,,,,,
2017,Lake,Native Hawaiian and Other Pacific Islander,360,42.80%,"1,456",0.20%,,,,,,,,,,,,,,
2017,Lake,Some other race,"24,267",49.50%,"36,683",5.20%,,,,,,,,,,,,,,
2016,Lake,White,"451,280",56.40%,"577,131",82.10%,,,,,,,,,,,,,,
2016,Lake,Black or African American,"37,254",29.70%,"54,959",7.80%,,,,,,,,,,,,,,
2016,Lake,American Indian and Alaska Native,991,47.50%,"4,736",0.70%,,,,,,,,,,,,,,
2016,Lake,Asian,"38,586",69.40%,"56,581",8.00%,,,,,,,,,,,,,,
2016,Lake,Native Hawaiian and Other Pacific Islander,282,43.30%,"1,288",0.20%,,,,,,,,,,,,,,
2016,Lake,Some other race,"18,777",49.90%,"28,366",4.00%,,,,,,,,,,,,,,
2015,Lake,White,"452,820",56.60%,"581,492",82.70%,,,,,,,,,,,,,,
2015,Lake,Black or African American,"37,619",29.90%,"55,232",7.90%,,,,,,,,,,,,,,
2015,Lake,American Indian and Alaska Native,977,47.00%,"4,703",0.70%,,,,,,,,,,,,,,
2015,Lake,Asian,"37,485",69.00%,"55,448",7.90%,,,,,,,,,,,,,,
2015,Lake,Native Hawaiian and Other Pacific Islander,302,35.40%,"1,426",0.20%,,,,,,,,,,,,,,
2015,Lake,Some other race,"15,494",48.70%,"24,265",3.50%,,,,,,,,,,,,,,
2014,Lake,White,"447,563",57.20%,"576,786",82.00%,,,,,,,,,,,,,,
2014,Lake,Black or African American,"37,191",31.40%,"55,182",7.80%,,,,,,,,,,,,,,
2014,Lake,American Indian and Alaska Native,"1,225",50.90%,"4,941",0.70%,,,,,,,,,,,,,,
2014,Lake,Asian,"35,928",70.20%,"53,493",7.60%,,,,,,,,,,,,,,
2014,Lake,Native Hawaiian and Other Pacific Islander,308,24.00%,"1,299",0.20%,,,,,,,,,,,,,,
2014,Lake,Some other race,"19,877",47.40%,"31,293",4.50%,,,,,,,,,,,,,,
2013,Lake,White,"439,900",57.70%,"568,790",81.00%,,,,,,,,,,,,,,
2013,Lake,Black or African American,"36,362",33.00%,"54,797",7.80%,,,,,,,,,,,,,,
2013,Lake,American Indian and Alaska Native,"1,290",45.70%,"4,694",0.70%,,,,,,,,,,,,,,
2013,Lake,Asian,"34,765",69.40%,"51,850",7.40%,,,,,,,,,,,,,,
2013,Lake,Native Hawaiian and Other Pacific Islander,248,39.90%,"1,257",0.20%,,,,,,,,,,,,,,
2013,Lake,Some other race,"26,331",47.90%,"40,375",5.80%,,,,,,,,,,,,,,
2012,Lake,White,"432,950",58.10%,"560,539",79.90%,,,,,,,,,,,,,,
2012,Lake,Black or African American,"36,300",34.40%,"54,273",7.70%,,,,,,,,,,,,,,
2012,Lake,American Indian and Alaska Native,"1,308",48.90%,"4,097",0.60%,,,,,,,,,,,,,,
2012,Lake,Asian,"34,138",69.50%,"50,565",7.20%,,,,,,,,,,,,,,
2012,Lake,Native Hawaiian and Other Pacific Islander,241,27.80%,871,0.10%,,,,,,,,,,,,,,
2012,Lake,Some other race,"31,589",49.30%,"48,950",7.00%,,,,,,,,,,,,,,
2011,Lake,White,"426,889",58.50%,"552,178",78.80%,,,,,,,,,,,,,,
2011,Lake,Black or African American,"35,738",33.70%,"53,286",7.60%,,,,,,,,,,,,,,
2011,Lake,American Indian and Alaska Native,"1,026",49.40%,"4,119",0.60%,,,,,,,,,,,,,,
2011,Lake,Asian,"33,650",69.00%,"49,086",7.00%,,,,,,,,,,,,,,
2011,Lake,Native Hawaiian and Other Pacific Islander,205,26.30%,805,0.10%,,,,,,,,,,,,,,
2011,Lake,Some other race,"36,887",50.70%,"57,507",8.20%,,,,,,,,,,,,,,
2010,Lake,White,"423,188",58.90%,"548,982",78.70%,,,,,,,,,,,,,,
2010,Lake,Black or African American,"35,160",34.40%,"52,359",7.50%,,,,,,,,,,,,,,
2010,Lake,American Indian and Alaska Native,"1,067",50.70%,"3,872",0.60%,,,,,,,,,,,,,,
2010,Lake,Asian,"32,466",69.40%,"47,597",6.80%,,,,,,,,,,,,,,
2010,Lake,Native Hawaiian and Other Pacific Islander,136,19.90%,632,0.10%,,,,,,,,,,,,,,
2010,Lake,Some other race,"38,309",53.00%,"59,724",8.60%,,,,,,,,,,,,,,
2009,Lake,White,"430,033",58.00%,,,,,,,,,,,,,,,,
2009,Lake,Black or African American,"34,304",33.50%,,,,,,,,,,,,,,,,
2009,Lake,American Indian and Alaska Native,780,39.60%,,,,,,,,,,,,,,,,
2009,Lake,Asian,"31,362",67.60%,,,,,,,,,,,,,,,,
2009,Lake,Native Hawaiian and Other Pacific Islander,140,38.60%,,,,,,,,,,,,,,,,
2009,Lake,Some other race,"36,112",53.70%,,,,,,,,,,,,,,,,
2017,DuPage,White,"599,672",55.70%,"750,012",80.50%,,,,,,,,,,,,,,
2017,DuPage,Black or African American,"34,070",32.30%,"51,847",5.60%,,,,,,,,,,,,,,
2017,DuPage,American Indian and Alaska Native,"1,349",43.70%,"6,850",0.70%,,,,,,,,,,,,,,
2017,DuPage,Asian,"85,217",68.30%,"116,276",12.50%,,,,,,,,,,,,,,
2017,DuPage,Native Hawaiian and Other Pacific Islander,218,50.50%,"1,075",0.10%,,,,,,,,,,,,,,
2017,DuPage,Some other race,"19,911",45.90%,"31,551",3.40%,,,,,,,,,,,,,,
2016,DuPage,White,"601,853",55.60%,"753,056",80.90%,,,,,,,,,,,,,,
2016,DuPage,Black or African American,"34,107",31.40%,"52,035",5.60%,,,,,,,,,,,,,,
2016,DuPage,American Indian and Alaska Native,"1,504",43.40%,"7,082",0.80%,,,,,,,,,,,,,,
2016,DuPage,Asian,"82,645",68.00%,"113,318",12.20%,,,,,,,,,,,,,,
2016,DuPage,Native Hawaiian and Other Pacific Islander,245,53.50%,938,0.10%,,,,,,,,,,,,,,
2016,DuPage,Some other race,"17,769",46.30%,"29,049",3.10%,,,,,,,,,,,,,,
2015,DuPage,White,"603,946",55.80%,"756,796",81.30%,,,,,,,,,,,,,,
2015,DuPage,Black or African American,"33,530",33.10%,"51,924",5.60%,,,,,,,,,,,,,,
2015,DuPage,American Indian and Alaska Native,"1,495",49.20%,"6,744",0.70%,,,,,,,,,,,,,,
2015,DuPage,Asian,"80,774",68.50%,"110,643",11.90%,,,,,,,,,,,,,,
2015,DuPage,Native Hawaiian and Other Pacific Islander,256,63.70%,841,0.10%,,,,,,,,,,,,,,
2015,DuPage,Some other race,"17,028",48.10%,"27,107",2.90%,,,,,,,,,,,,,,
2014,DuPage,White,"604,142",55.90%,"758,570",81.90%,,,,,,,,,,,,,,
2014,DuPage,Black or African American,"32,425",32.80%,"50,266",5.40%,,,,,,,,,,,,,,
2014,DuPage,American Indian and Alaska Native,"1,279",54.30%,"6,348",0.70%,,,,,,,,,,,,,,
2014,DuPage,Asian,"78,291",68.30%,"107,427",11.60%,,,,,,,,,,,,,,
2014,DuPage,Native Hawaiian and Other Pacific Islander,283,50.90%,779,0.10%,,,,,,,,,,,,,,
2014,DuPage,Some other race,"16,356",48.80%,"25,265",2.70%,,,,,,,,,,,,,,
2013,DuPage,White,"602,681",56.00%,"757,772",82.10%,,,,,,,,,,,,,,
2013,DuPage,Black or African American,"31,698",32.50%,"49,601",5.40%,,,,,,,,,,,,,,
2013,DuPage,American Indian and Alaska Native,"1,167",53.50%,"6,246",0.70%,,,,,,,,,,,,,,
2013,DuPage,Asian,"75,490",68.20%,"103,924",11.30%,,,,,,,,,,,,,,
2013,DuPage,Native Hawaiian and Other Pacific Islander,284,46.10%,779,0.10%,,,,,,,,,,,,,,
2013,DuPage,Some other race,"16,792",49.30%,"26,347",2.90%,,,,,,,,,,,,,,
2012,DuPage,White,"599,759",56.30%,"754,045",82.10%,,,,,,,,,,,,,,
2012,DuPage,Black or African American,"30,959",33.40%,"47,832",5.20%,,,,,,,,,,,,,,
2012,DuPage,American Indian and Alaska Native,"1,058",49.40%,"5,579",0.60%,,,,,,,,,,,,,,
2012,DuPage,Asian,"74,238",67.90%,"101,908",11.10%,,,,,,,,,,,,,,
2012,DuPage,Native Hawaiian and Other Pacific Islander,231,54.50%,653,0.10%,,,,,,,,,,,,,,
2012,DuPage,Some other race,"18,015",49.30%,"28,246",3.10%,,,,,,,,,,,,,,
2011,DuPage,White,"594,032",56.90%,"748,868",81.90%,,,,,,,,,,,,,,
2011,DuPage,Black or African American,"30,024",34.00%,"46,608",5.10%,,,,,,,,,,,,,,
2011,DuPage,American Indian and Alaska Native,"1,211",44.40%,"5,656",0.60%,,,,,,,,,,,,,,
2011,DuPage,Asian,"72,493",68.20%,"99,129",10.80%,,,,,,,,,,,,,,
2011,DuPage,Native Hawaiian and Other Pacific Islander,244,48.40%,588,0.10%,,,,,,,,,,,,,,
2011,DuPage,Some other race,"20,776",53.10%,"31,790",3.50%,,,,,,,,,,,,,,
2010,DuPage,White,"591,040",57.20%,"745,668",81.80%,,,,,,,,,,,,,,
2010,DuPage,Black or African American,"29,552",32.90%,"44,971",4.90%,,,,,,,,,,,,,,
2010,DuPage,American Indian and Alaska Native,"1,398",51.80%,"5,590",0.60%,,,,,,,,,,,,,,
2010,DuPage,Asian,"71,427",68.00%,"97,560",10.70%,,,,,,,,,,,,,,
2010,DuPage,Native Hawaiian and Other Pacific Islander,273,39.90%,608,0.10%,,,,,,,,,,,,,,
2010,DuPage,Some other race,"21,545",52.50%,"33,594",3.70%,,,,,,,,,,,,,,
2009,DuPage,White,"602,454",57.10%,,,,,,,,,,,,,,,,
2009,DuPage,Black or African American,"29,598",35.10%,,,,,,,,,,,,,,,,
2009,DuPage,American Indian and Alaska Native,"1,329",53.80%,,,,,,,,,,,,,,,,
2009,DuPage,Asian,"70,208",67.50%,,,,,,,,,,,,,,,,
2009,DuPage,Native Hawaiian and Other Pacific Islander,376,57.40%,,,,,,,,,,,,,,,,
2009,DuPage,Some other race,"21,460",54.90%,,,,,,,,,,,,,,,,
2017,Hardin,White,"3,387",45.50%,"3,966",95.30%,,,,,,,,,,,,,,
2017,Hardin,Black or African American,157,66.90%,172,4.10%,,,,,,,,,,,,,,
2017,Hardin,American Indian and Alaska Native,8,0.00%,12,0.30%,,,,,,,,,,,,,,
2017,Hardin,Asian,3,100.00%,40,1.00%,,,,,,,,,,,,,,
2017,Hardin,Native Hawaiian and Other Pacific Islander,0,-,0,0.00%,,,,,,,,,,,,,,
2017,Hardin,Some other race,15,0.00%,40,1.00%,,,,,,,,,,,,,,
2016,Hardin,White,"3,367",48.00%,"3,985",95.50%,,,,,,,,,,,,,,
2016,Hardin,Black or African American,115,70.40%,127,3.00%,,,,,,,,,,,,,,
2016,Hardin,American Indian and Alaska Native,15,40.00%,38,0.90%,,,,,,,,,,,,,,
2016,Hardin,Asian,31,100.00%,77,1.80%,,,,,,,,,,,,,,
2016,Hardin,Native Hawaiian and Other Pacific Islander,0,-,0,0.00%,,,,,,,,,,,,,,
2016,Hardin,Some other race,15,0.00%,39,0.90%,,,,,,,,,,,,,,
2015,Hardin,White,"3,448",50.40%,"4,128",97.60%,,,,,,,,,,,,,,
2015,Hardin,Black or African American,33,6.10%,48,1.10%,,,,,,,,,,,,,,
2015,Hardin,American Indian and Alaska Native,5,100.00%,22,0.50%,,,,,,,,,,,,,,
2015,Hardin,Asian,28,85.70%,41,1.00%,,,,,,,,,,,,,,
2015,Hardin,Native Hawaiian and Other Pacific Islander,0,-,0,0.00%,,,,,,,,,,,,,,
2015,Hardin,Some other race,19,0.00%,49,1.20%,,,,,,,,,,,,,,
2014,Hardin,White,"3,338",53.10%,"4,140",98.00%,,,,,,,,,,,,,,
2014,Hardin,Black or African American,30,0.00%,163,3.90%,,,,,,,,,,,,,,
2014,Hardin,American Indian and Alaska Native,5,100.00%,23,0.50%,,,,,,,,,,,,,,
2014,Hardin,Asian,24,79.20%,24,0.60%,,,,,,,,,,,,,,
2014,Hardin,Native Hawaiian and Other Pacific Islander,0,-,0,0.00%,,,,,,,,,,,,,,
2014,Hardin,Some other race,15,0.00%,38,0.90%,,,,,,,,,,,,,,
2013,Hardin,White,"3,371",52.70%,"4,196",98.20%,,,,,,,,,,,,,,
2013,Hardin,Black or African American,40,2.50%,161,3.80%,,,,,,,,,,,,,,
2013,Hardin,American Indian and Alaska Native,6,100.00%,30,0.70%,,,,,,,,,,,,,,
2013,Hardin,Asian,31,80.60%,31,0.70%,,,,,,,,,,,,,,
2013,Hardin,Native Hawaiian and Other Pacific Islander,0,-,0,0.00%,,,,,,,,,,,,,,
2013,Hardin,Some other race,0,-,0,0.00%,,,,,,,,,,,,,,
2012,Hardin,White,"3,435",56.00%,"4,223",97.90%,,,,,,,,,,,,,,
2012,Hardin,Black or African American,34,2.90%,83,1.90%,,,,,,,,,,,,,,
2012,Hardin,American Indian and Alaska Native,9,100.00%,46,1.10%,,,,,,,,,,,,,,
2012,Hardin,Asian,49,81.60%,49,1.10%,,,,,,,,,,,,,,
2012,Hardin,Native Hawaiian and Other Pacific Islander,0,-,0,0.00%,,,,,,,,,,,,,,
2012,Hardin,Some other race,0,-,0,0.00%,,,,,,,,,,,,,,
2011,Hardin,White,"3,442",54.60%,"4,250",97.50%,,,,,,,,,,,,,,
2011,Hardin,Black or African American,65,12.30%,137,3.10%,,,,,,,,,,,,,,
2011,Hardin,American Indian and Alaska Native,0,-,6,0.10%,,,,,,,,,,,,,,
2011,Hardin,Asian,36,38.90%,36,0.80%,,,,,,,,,,,,,,
2011,Hardin,Native Hawaiian and Other Pacific Islander,0,-,0,0.00%,,,,,,,,,,,,,,
2011,Hardin,Some other race,0,-,6,0.10%,,,,,,,,,,,,,,
2010,Hardin,White,"3,487",51.50%,"4,344",98.70%,,,,,,,,,,,,,,
2010,Hardin,Black or African American,35,11.40%,171,3.90%,,,,,,,,,,,,,,
2010,Hardin,American Indian and Alaska Native,0,-,0,0.00%,,,,,,,,,,,,,,
2010,Hardin,Asian,23,39.10%,23,0.50%,,,,,,,,,,,,,,
2010,Hardin,Native Hawaiian and Other Pacific Islander,0,-,0,0.00%,,,,,,,,,,,,,,
2010,Hardin,Some other race,0,-,21,0.50%,,,,,,,,,,,,,,
2009,Hardin,White,"3,675",52.70%,,,,,,,,,,,,,,,,
2009,Hardin,Black or African American,23,17.40%,,,,,,,,,,,,,,,,
2009,Hardin,American Indian and Alaska Native,0,-,,,,,,,,,,,,,,,,
2009,Hardin,Asian,27,51.90%,,,,,,,,,,,,,,,,
2009,Hardin,Native Hawaiian and Other Pacific Islander,0,-,,,,,,,,,,,,,,,,
2009,Hardin,Some other race,0,-,,,,,,,,,,,,,,,,
2017,Pope,White,"3,495",51.80%,"4,039",92.60%,,,,,,,,,,,,,,
2017,Pope,Black or African American,221,7.20%,252,5.80%,,,,,,,,,,,,,,
2017,Pope,American Indian and Alaska Native,7,100.00%,7,0.20%,,,,,,,,,,,,,,
2017,Pope,Asian,31,100.00%,81,1.90%,,,,,,,,,,,,,,
2017,Pope,Native Hawaiian and Other Pacific Islander,0,-,11,0.30%,,,,,,,,,,,,,,
2017,Pope,Some other race,3,100.00%,37,0.80%,,,,,,,,,,,,,,
2016,Pope,White,"3,381",49.70%,"3,941",92.60%,,,,,,,,,,,,,,
2016,Pope,Black or African American,195,7.70%,234,5.50%,,,,,,,,,,,,,,
2016,Pope,American Indian and Alaska Native,13,100.00%,17,0.40%,,,,,,,,,,,,,,
2016,Pope,Asian,17,100.00%,58,1.40%,,,,,,,,,,,,,,
2016,Pope,Native Hawaiian and Other Pacific Islander,0,-,13,0.30%,,,,,,,,,,,,,,
2016,Pope,Some other race,3,100.00%,35,0.80%,,,,,,,,,,,,,,
2015,Pope,White,"3,555",49.20%,"4,086",94.30%,,,,,,,,,,,,,,
2015,Pope,Black or African American,148,6.80%,178,4.10%,,,,,,,,,,,,,,
2015,Pope,American Indian and Alaska Native,9,100.00%,33,0.80%,,,,,,,,,,,,,,
2015,Pope,Asian,17,47.10%,28,0.60%,,,,,,,,,,,,,,
2015,Pope,Native Hawaiian and Other Pacific Islander,0,-,0,0.00%,,,,,,,,,,,,,,
2015,Pope,Some other race,5,100.00%,41,0.90%,,,,,,,,,,,,,,
2014,Pope,White,"3,540",52.10%,"4,124",94.50%,,,,,,,,,,,,,,
2014,Pope,Black or African American,144,9.00%,184,4.20%,,,,,,,,,,,,,,
2014,Pope,American Indian and Alaska Native,10,100.00%,36,0.80%,,,,,,,,,,,,,,
2014,Pope,Asian,37,59.50%,69,1.60%,,,,,,,,,,,,,,
2014,Pope,Native Hawaiian and Other Pacific Islander,0,-,0,0.00%,,,,,,,,,,,,,,
2014,Pope,Some other race,0,-,0,0.00%,,,,,,,,,,,,,,
2013,Pope,White,"3,592",52.50%,"4,187",95.50%,,,,,,,,,,,,,,
2013,Pope,Black or African American,131,9.20%,201,4.60%,,,,,,,,,,,,,,
2013,Pope,American Indian and Alaska Native,0,-,26,0.60%,,,,,,,,,,,,,,
2013,Pope,Asian,17,0.00%,28,0.60%,,,,,,,,,,,,,,
2013,Pope,Native Hawaiian and Other Pacific Islander,0,-,0,0.00%,,,,,,,,,,,,,,
2013,Pope,Some other race,0,-,0,0.00%,,,,,,,,,,,,,,
2012,Pope,White,"3,522",56.50%,"4,166",94.70%,,,,,,,,,,,,,,
2012,Pope,Black or African American,165,0.00%,245,5.60%,,,,,,,,,,,,,,
2012,Pope,American Indian and Alaska Native,0,-,29,0.70%,,,,,,,,,,,,,,
2012,Pope,Asian,12,0.00%,30,0.70%,,,,,,,,,,,,,,
2012,Pope,Native Hawaiian and Other Pacific Islander,0,-,0,0.00%,,,,,,,,,,,,,,
2012,Pope,Some other race,1,0.00%,1,0.00%,,,,,,,,,,,,,,
2011,Pope,White,"3,594",56.00%,"4,211",95.30%,,,,,,,,,,,,,,
2011,Pope,Black or African American,147,6.80%,216,4.90%,,,,,,,,,,,,,,
2011,Pope,American Indian and Alaska Native,17,0.00%,64,1.40%,,,,,,,,,,,,,,
2011,Pope,Asian,10,0.00%,10,0.20%,,,,,,,,,,,,,,
2011,Pope,Native Hawaiian and Other Pacific Islander,0,-,0,0.00%,,,,,,,,,,,,,,
2011,Pope,Some other race,1,0.00%,1,0.00%,,,,,,,,,,,,,,
2010,Pope,White,"3,595",54.50%,"4,216",95.30%,,,,,,,,,,,,,,
2010,Pope,Black or African American,99,6.10%,216,4.90%,,,,,,,,,,,,,,
2010,Pope,American Indian and Alaska Native,20,0.00%,58,1.30%,,,,,,,,,,,,,,
2010,Pope,Asian,0,-,0,0.00%,,,,,,,,,,,,,,
2010,Pope,Native Hawaiian and Other Pacific Islander,0,-,0,0.00%,,,,,,,,,,,,,,
2010,Pope,Some other race,2,0.00%,2,0.00%,,,,,,,,,,,,,,
2009,Pope,White,"3,296",55.10%,,,,,,,,,,,,,,,,
2009,Pope,Black or African American,157,5.10%,,,,,,,,,,,,,,,,
2009,Pope,American Indian and Alaska Native,27,0.00%,,,,,,,,,,,,,,,,
2009,Pope,Asian,0,-,,,,,,,,,,,,,,,,
2009,Pope,Native Hawaiian and Other Pacific Islander,0,-,,,,,,,,,,,,,,,,
2009,Pope,Some other race,5,0.00%,,,,,,,,,,,,,,,,
2017,Calhoun,White,"3,951",55.90%,"4,828",98.60%,,,,,,,,,,,,,,
2017,Calhoun,Black or African American,15,26.70%,15,0.30%,,,,,,,,,,,,,,
2017,Calhoun,American Indian and Alaska Native,7,100.00%,47,1.00%,,,,,,,,,,,,,,
2017,Calhoun,Asian,45,0.00%,45,0.90%,,,,,,,,,,,,,,
2017,Calhoun,Native Hawaiian and Other Pacific Islander,0,-,0,0.00%,,,,,,,,,,,,,,
2017,Calhoun,Some other race,2,100.00%,20,0.40%,,,,,,,,,,,,,,
2016,Calhoun,White,"4,076",60.70%,"4,945",99.70%,,,,,,,,,,,,,,
2016,Calhoun,Black or African American,7,57.10%,8,0.20%,,,,,,,,,,,,,,
2016,Calhoun,American Indian and Alaska Native,2,100.00%,46,0.90%,,,,,,,,,,,,,,
2016,Calhoun,Asian,7,0.00%,7,0.10%,,,,,,,,,,,,,,
2016,Calhoun,Native Hawaiian and Other Pacific Islander,0,-,0,0.00%,,,,,,,,,,,,,,
2016,Calhoun,Some other race,1,100.00%,9,0.20%,,,,,,,,,,,,,,
2015,Calhoun,White,"4,085",65.60%,"4,988",99.80%,,,,,,,,,,,,,,
2015,Calhoun,Black or African American,6,0.00%,12,0.20%,,,,,,,,,,,,,,
2015,Calhoun,American Indian and Alaska Native,4,100.00%,82,1.60%,,,,,,,,,,,,,,
2015,Calhoun,Asian,1,0.00%,1,0.00%,,,,,,,,,,,,,,
2015,Calhoun,Native Hawaiian and Other Pacific Islander,0,-,0,0.00%,,,,,,,,,,,,,,
2015,Calhoun,Some other race,0,-,0,0.00%,,,,,,,,,,,,,,
2014,Calhoun,White,"4,113",63.70%,"5,024",99.80%,,,,,,,,,,,,,,
2014,Calhoun,Black or African American,6,0.00%,12,0.20%,,,,,,,,,,,,,,
2014,Calhoun,American Indian and Alaska Native,2,100.00%,77,1.50%,,,,,,,,,,,,,,
2014,Calhoun,Asian,1,0.00%,1,0.00%,,,,,,,,,,,,,,
2014,Calhoun,Native Hawaiian and Other Pacific Islander,0,-,0,0.00%,,,,,,,,,,,,,,
2014,Calhoun,Some other race,0,-,0,0.00%,,,,,,,,,,,,,,
2013,Calhoun,White,"4,128",63.10%,"5,039",99.50%,,,,,,,,,,,,,,
2013,Calhoun,Black or African American,6,0.00%,11,0.20%,,,,,,,,,,,,,,
2013,Calhoun,American Indian and Alaska Native,3,100.00%,59,1.20%,,,,,,,,,,,,,,
2013,Calhoun,Asian,4,25.00%,14,0.30%,,,,,,,,,,,,,,
2013,Calhoun,Native Hawaiian and Other Pacific Islander,0,-,0,0.00%,,,,,,,,,,,,,,
2013,Calhoun,Some other race,0,-,0,0.00%,,,,,,,,,,,,,,
2012,Calhoun,White,"4,131",62.20%,"5,047",99.60%,,,,,,,,,,,,,,
2012,Calhoun,Black or African American,4,0.00%,9,0.20%,,,,,,,,,,,,,,
2012,Calhoun,American Indian and Alaska Native,0,-,54,1.10%,,,,,,,,,,,,,,
2012,Calhoun,Asian,4,25.00%,14,0.30%,,,,,,,,,,,,,,
2012,Calhoun,Native Hawaiian and Other Pacific Islander,0,-,0,0.00%,,,,,,,,,,,,,,
2012,Calhoun,Some other race,0,-,0,0.00%,,,,,,,,,,,,,,
2011,Calhoun,White,"4,147",61.30%,"5,056",99.30%,,,,,,,,,,,,,,
2011,Calhoun,Black or African American,8,37.50%,19,0.40%,,,,,,,,,,,,,,
2011,Calhoun,American Indian and Alaska Native,0,-,26,0.50%,,,,,,,,,,,,,,
2011,Calhoun,Asian,17,58.80%,26,0.50%,,,,,,,,,,,,,,
2011,Calhoun,Native Hawaiian and Other Pacific Islander,0,-,0,0.00%,,,,,,,,,,,,,,
2011,Calhoun,Some other race,3,100.00%,3,0.10%,,,,,,,,,,,,,,
2010,Calhoun,White,"4,160",57.90%,"5,060",98.90%,,,,,,,,,,,,,,
2010,Calhoun,Black or African American,8,100.00%,24,0.50%,,,,,,,,,,,,,,
2010,Calhoun,American Indian and Alaska Native,0,-,8,0.20%,,,,,,,,,,,,,,
2010,Calhoun,Asian,16,62.50%,47,0.90%,,,,,,,,,,,,,,
2010,Calhoun,Native Hawaiian and Other Pacific Islander,0,-,0,0.00%,,,,,,,,,,,,,,
2010,Calhoun,Some other race,3,100.00%,3,0.10%,,,,,,,,,,,,,,
2009,Calhoun,White,"4,139",57.00%,,,,,,,,,,,,,,,,
2009,Calhoun,Black or African American,6,100.00%,,,,,,,,,,,,,,,,
2009,Calhoun,American Indian and Alaska Native,0,-,,,,,,,,,,,,,,,,
2009,Calhoun,Asian,26,80.80%,,,,,,,,,,,,,,,,
2009,Calhoun,Native Hawaiian and Other Pacific Islander,0,-,,,,,,,,,,,,,,,,
2009,Calhoun,Some other race,2,100.00%,,,,,,,,,,,,,,,,
2017,Scott,White,"4,116",55.80%,"5,056",99.00%,,,,,,,,,,,,,,
2017,Scott,Black or African American,3,0.00%,20,0.40%,,,,,,,,,,,,,,
2017,Scott,American Indian and Alaska Native,11,45.50%,49,1.00%,,,,,,,,,,,,,,
2017,Scott,Asian,4,0.00%,9,0.20%,,,,,,,,,,,,,,
2017,Scott,Native Hawaiian and Other Pacific Islander,7,100.00%,7,0.10%,,,,,,,,,,,,,,
2017,Scott,Some other race,6,0.00%,11,0.20%,,,,,,,,,,,,,,
2016,Scott,White,"4,156",54.40%,"5,128",99.20%,,,,,,,,,,,,,,
2016,Scott,Black or African American,0,-,19,0.40%,,,,,,,,,,,,,,
2016,Scott,American Indian and Alaska Native,7,57.10%,53,1.00%,,,,,,,,,,,,,,
2016,Scott,Asian,7,0.00%,14,0.30%,,,,,,,,,,,,,,
2016,Scott,Native Hawaiian and Other Pacific Islander,0,-,0,0.00%,,,,,,,,,,,,,,
2016,Scott,Some other race,7,0.00%,14,0.30%,,,,,,,,,,,,,,
2015,Scott,White,"4,179",54.30%,"5,170",99.50%,,,,,,,,,,,,,,
2015,Scott,Black or African American,0,-,9,0.20%,,,,,,,,,,,,,,
2015,Scott,American Indian and Alaska Native,4,50.00%,25,0.50%,,,,,,,,,,,,,,
2015,Scott,Asian,6,0.00%,37,0.70%,,,,,,,,,,,,,,
2015,Scott,Native Hawaiian and Other Pacific Islander,0,-,0,0.00%,,,,,,,,,,,,,,
2015,Scott,Some other race,0,-,8,0.20%,,,,,,,,,,,,,,
2014,Scott,White,"4,205",54.10%,"5,248",99.80%,,,,,,,,,,,,,,
2014,Scott,Black or African American,0,-,12,0.20%,,,,,,,,,,,,,,
2014,Scott,American Indian and Alaska Native,3,0.00%,15,0.30%,,,,,,,,,,,,,,
2014,Scott,Asian,5,0.00%,26,0.50%,,,,,,,,,,,,,,
2014,Scott,Native Hawaiian and Other Pacific Islander,0,-,0,0.00%,,,,,,,,,,,,,,
2014,Scott,Some other race,0,-,0,0.00%,,,,,,,,,,,,,,
2013,Scott,White,"4,280",56.00%,"5,281",99.90%,,,,,,,,,,,,,,
2013,Scott,Black or African American,0,-,8,0.20%,,,,,,,,,,,,,,
2013,Scott,American Indian and Alaska Native,4,0.00%,8,0.20%,,,,,,,,,,,,,,
2013,Scott,Asian,0,-,17,0.30%,,,,,,,,,,,,,,
2013,Scott,Native Hawaiian and Other Pacific Islander,0,-,0,0.00%,,,,,,,,,,,,,,
2013,Scott,Some other race,0,-,0,0.00%,,,,,,,,,,,,,,
2012,Scott,White,"4,231",57.80%,"5,298",99.50%,,,,,,,,,,,,,,
2012,Scott,Black or African American,0,-,29,0.50%,,,,,,,,,,,,,,
2012,Scott,American Indian and Alaska Native,0,-,3,0.10%,,,,,,,,,,,,,,
2012,Scott,Asian,0,-,51,1.00%,,,,,,,,,,,,,,
2012,Scott,Native Hawaiian and Other Pacific Islander,0,-,0,0.00%,,,,,,,,,,,,,,
2012,Scott,Some other race,17,0.00%,17,0.30%,,,,,,,,,,,,,,
2011,Scott,White,"4,252",59.40%,"5,319",99.40%,,,,,,,,,,,,,,
2011,Scott,Black or African American,4,0.00%,20,0.40%,,,,,,,,,,,,,,
2011,Scott,American Indian and Alaska Native,4,100.00%,4,0.10%,,,,,,,,,,,,,,
2011,Scott,Asian,0,-,51,1.00%,,,,,,,,,,,,,,
2011,Scott,Native Hawaiian and Other Pacific Islander,0,-,0,0.00%,,,,,,,,,,,,,,
2011,Scott,Some other race,19,0.00%,19,0.40%,,,,,,,,,,,,,,
2010,Scott,White,"4,289",60.90%,"5,347",99.50%,,,,,,,,,,,,,,
2010,Scott,Black or African American,0,-,10,0.20%,,,,,,,,,,,,,,
2010,Scott,American Indian and Alaska Native,5,100.00%,5,0.10%,,,,,,,,,,,,,,
2010,Scott,Asian,0,-,0,0.00%,,,,,,,,,,,,,,
2010,Scott,Native Hawaiian and Other Pacific Islander,0,-,0,0.00%,,,,,,,,,,,,,,
2010,Scott,Some other race,22,9.10%,22,0.40%,,,,,,,,,,,,,,
2009,Scott,White,"4,241",64.30%,,,,,,,,,,,,,,,,
2009,Scott,Black or African American,0,-,,,,,,,,,,,,,,,,
2009,Scott,American Indian and Alaska Native,9,100.00%,,,,,,,,,,,,,,,,
2009,Scott,Asian,2,0.00%,,,,,,,,,,,,,,,,
2009,Scott,Native Hawaiian and Other Pacific Islander,0,-,,,,,,,,,,,,,,,,
2009,Scott,Some other race,7,14.30%,,,,,,,,,,,,,,,,
2017,Gallatin,White,"4,211",55.70%,"5,165",98.80%,,,,,,,,,,,,,,
2017,Gallatin,Black or African American,14,0.00%,58,1.10%,,,,,,,,,,,,,,
2017,Gallatin,American Indian and Alaska Native,11,0.00%,75,1.40%,,,,,,,,,,,,,,
2017,Gallatin,Asian,15,100.00%,48,0.90%,,,,,,,,,,,,,,
2017,Gallatin,Native Hawaiian and Other Pacific Islander,0,-,0,0.00%,,,,,,,,,,,,,,
2017,Gallatin,Some other race,3,0.00%,6,0.10%,,,,,,,,,,,,,,
2016,Gallatin,White,"4,276",56.30%,"5,263",98.80%,,,,,,,,,,,,,,
2016,Gallatin,Black or African American,17,0.00%,59,1.10%,,,,,,,,,,,,,,
2016,Gallatin,American Indian and Alaska Native,17,64.70%,75,1.40%,,,,,,,,,,,,,,
2016,Gallatin,Asian,17,100.00%,81,1.50%,,,,,,,,,,,,,,
2016,Gallatin,Native Hawaiian and Other Pacific Islander,0,-,0,0.00%,,,,,,,,,,,,,,
2016,Gallatin,Some other race,3,0.00%,5,0.10%,,,,,,,,,,,,,,
2015,Gallatin,White,"4,364",55.40%,"5,305",98.50%,,,,,,,,,,,,,,
2015,Gallatin,Black or African American,21,0.00%,33,0.60%,,,,,,,,,,,,,,
2015,Gallatin,American Indian and Alaska Native,26,69.20%,49,0.90%,,,,,,,,,,,,,,
2015,Gallatin,Asian,25,100.00%,86,1.60%,,,,,,,,,,,,,,
2015,Gallatin,Native Hawaiian and Other Pacific Islander,0,-,0,0.00%,,,,,,,,,,,,,,
2015,Gallatin,Some other race,1,0.00%,1,0.00%,,,,,,,,,,,,,,
2014,Gallatin,White,"4,390",57.00%,"5,370",98.70%,,,,,,,,,,,,,,
2014,Gallatin,Black or African American,21,0.00%,70,1.30%,,,,,,,,,,,,,,
2014,Gallatin,American Indian and Alaska Native,21,81.00%,45,0.80%,,,,,,,,,,,,,,
2014,Gallatin,Asian,25,100.00%,74,1.40%,,,,,,,,,,,,,,
2014,Gallatin,Native Hawaiian and Other Pacific Islander,0,-,0,0.00%,,,,,,,,,,,,,,
2014,Gallatin,Some other race,2,0.00%,2,0.00%,,,,,,,,,,,,,,
2013,Gallatin,White,"4,469",55.30%,"5,456",98.90%,,,,,,,,,,,,,,
2013,Gallatin,Black or African American,26,30.80%,48,0.90%,,,,,,,,,,,,,,
2013,Gallatin,American Indian and Alaska Native,21,81.00%,52,0.90%,,,,,,,,,,,,,,
2013,Gallatin,Asian,13,100.00%,69,1.30%,,,,,,,,,,,,,,
2013,Gallatin,Native Hawaiian and Other Pacific Islander,0,-,0,0.00%,,,,,,,,,,,,,,
2013,Gallatin,Some other race,0,-,0,0.00%,,,,,,,,,,,,,,
2012,Gallatin,White,"4,533",53.10%,"5,524",98.80%,,,,,,,,,,,,,,
2012,Gallatin,Black or African American,22,36.40%,41,0.70%,,,,,,,,,,,,,,
2012,Gallatin,American Indian and Alaska Native,21,100.00%,54,1.00%,,,,,,,,,,,,,,
2012,Gallatin,Asian,12,100.00%,55,1.00%,,,,,,,,,,,,,,
2012,Gallatin,Native Hawaiian and Other Pacific Islander,0,-,0,0.00%,,,,,,,,,,,,,,
2012,Gallatin,Some other race,12,0.00%,12,0.20%,,,,,,,,,,,,,,
2011,Gallatin,White,"4,608",52.50%,"5,611",98.70%,,,,,,,,,,,,,,
2011,Gallatin,Black or African American,29,27.60%,88,1.50%,,,,,,,,,,,,,,
2011,Gallatin,American Indian and Alaska Native,18,100.00%,34,0.60%,,,,,,,,,,,,,,
2011,Gallatin,Asian,15,60.00%,15,0.30%,,,,,,,,,,,,,,
2011,Gallatin,Native Hawaiian and Other Pacific Islander,0,-,0,0.00%,,,,,,,,,,,,,,
2011,Gallatin,Some other race,7,0.00%,7,0.10%,,,,,,,,,,,,,,
2010,Gallatin,White,"4,670",56.20%,"5,692",98.60%,,,,,,,,,,,,,,
2010,Gallatin,Black or African American,35,0.00%,98,1.70%,,,,,,,,,,,,,,
2010,Gallatin,American Indian and Alaska Native,24,54.20%,30,0.50%,,,,,,,,,,,,,,
2010,Gallatin,Asian,12,66.70%,12,0.20%,,,,,,,,,,,,,,
2010,Gallatin,Native Hawaiian and Other Pacific Islander,0,-,0,0.00%,,,,,,,,,,,,,,
2010,Gallatin,Some other race,6,0.00%,6,0.10%,,,,,,,,,,,,,,
2009,Gallatin,White,"4,793",58.80%,,,,,,,,,,,,,,,,
2009,Gallatin,Black or African American,46,0.00%,,,,,,,,,,,,,,,,
2009,Gallatin,American Indian and Alaska Native,71,78.90%,,,,,,,,,,,,,,,,
2009,Gallatin,Asian,2,0.00%,,,,,,,,,,,,,,,,
2009,Gallatin,Native Hawaiian and Other Pacific Islander,0,-,,,,,,,,,,,,,,,,
2009,Gallatin,Some other race,4,0.00%,,,,,,,,,,,,,,,,
2017,Kane,White,"308,612",56.20%,"393,122",74.30%,,,,,,,,,,,,,,
2017,Kane,Black or African American,"21,949",30.10%,"34,348",6.50%,,,,,,,,,,,,,,
2017,Kane,American Indian and Alaska Native,"1,723",51.80%,"5,111",1.00%,,,,,,,,,,,,,,
2017,Kane,Asian,"16,588",65.10%,"23,941",4.50%,,,,,,,,,,,,,,
2017,Kane,Native Hawaiian and Other Pacific Islander,90,63.30%,567,0.10%,,,,,,,,,,,,,,
2017,Kane,Some other race,"57,354",47.40%,"85,969",16.20%,,,,,,,,,,,,,,
2016,Kane,White,"307,430",56.60%,"391,541",74.40%,,,,,,,,,,,,,,
2016,Kane,Black or African American,"21,777",30.30%,"33,962",6.40%,,,,,,,,,,,,,,
2016,Kane,American Indian and Alaska Native,"1,354",46.40%,"4,072",0.80%,,,,,,,,,,,,,,
2016,Kane,Asian,"15,635",64.20%,"22,862",4.30%,,,,,,,,,,,,,,
2016,Kane,Native Hawaiian and Other Pacific Islander,109,39.40%,585,0.10%,,,,,,,,,,,,,,
2016,Kane,Some other race,"56,542",47.20%,"85,593",16.30%,,,,,,,,,,,,,,
2015,Kane,White,"306,091",57.10%,"391,146",74.50%,,,,,,,,,,,,,,
2015,Kane,Black or African American,"21,517",30.10%,"34,239",6.50%,,,,,,,,,,,,,,
2015,Kane,American Indian and Alaska Native,"1,390",46.40%,"4,016",0.80%,,,,,,,,,,,,,,
2015,Kane,Asian,"15,274",65.70%,"22,332",4.30%,,,,,,,,,,,,,,
2015,Kane,Native Hawaiian and Other Pacific Islander,102,32.40%,569,0.10%,,,,,,,,,,,,,,
2015,Kane,Some other race,"55,267",47.40%,"84,402",16.10%,,,,,,,,,,,,,,
2014,Kane,White,"304,171",57.40%,"390,200",74.80%,,,,,,,,,,,,,,
2014,Kane,Black or African American,"21,169",30.00%,"33,318",6.40%,,,,,,,,,,,,,,
2014,Kane,American Indian and Alaska Native,"1,322",49.80%,"3,992",0.80%,,,,,,,,,,,,,,
2014,Kane,Asian,"14,692",66.70%,"21,726",4.20%,,,,,,,,,,,,,,
2014,Kane,Native Hawaiian and Other Pacific Islander,94,29.80%,469,0.10%,,,,,,,,,,,,,,
2014,Kane,Some other race,"53,855",47.30%,"83,718",16.00%,,,,,,,,,,,,,,
2013,Kane,White,"302,076",57.50%,"389,361",75.10%,,,,,,,,,,,,,,
2013,Kane,Black or African American,"20,821",29.90%,"32,745",6.30%,,,,,,,,,,,,,,
2013,Kane,American Indian and Alaska Native,"1,339",49.00%,"3,890",0.80%,,,,,,,,,,,,,,
2013,Kane,Asian,"14,044",68.60%,"21,008",4.10%,,,,,,,,,,,,,,
2013,Kane,Native Hawaiian and Other Pacific Islander,100,31.00%,394,0.10%,,,,,,,,,,,,,,
2013,Kane,Some other race,"52,302",46.20%,"82,602",15.90%,,,,,,,,,,,,,,
2012,Kane,White,"298,857",58.20%,"387,362",75.20%,,,,,,,,,,,,,,
2012,Kane,Black or African American,"20,541",29.80%,"32,601",6.30%,,,,,,,,,,,,,,
2012,Kane,American Indian and Alaska Native,"1,122",48.80%,"3,578",0.70%,,,,,,,,,,,,,,
2012,Kane,Asian,"13,521",69.70%,"20,318",3.90%,,,,,,,,,,,,,,
2012,Kane,Native Hawaiian and Other Pacific Islander,110,51.80%,330,0.10%,,,,,,,,,,,,,,
2012,Kane,Some other race,"52,015",47.00%,"82,107",15.90%,,,,,,,,,,,,,,
2011,Kane,White,"294,844",58.50%,"384,066",75.40%,,,,,,,,,,,,,,
2011,Kane,Black or African American,"20,167",29.90%,"32,022",6.30%,,,,,,,,,,,,,,
2011,Kane,American Indian and Alaska Native,847,41.80%,"3,075",0.60%,,,,,,,,,,,,,,
2011,Kane,Asian,"13,163",70.90%,"19,753",3.90%,,,,,,,,,,,,,,
2011,Kane,Native Hawaiian and Other Pacific Islander,117,53.80%,305,0.10%,,,,,,,,,,,,,,
2011,Kane,Some other race,"51,794",49.50%,"81,805",16.10%,,,,,,,,,,,,,,
2010,Kane,White,"293,609",58.90%,"383,584",76.30%,,,,,,,,,,,,,,
2010,Kane,Black or African American,"20,192",30.30%,"31,586",6.30%,,,,,,,,,,,,,,
2010,Kane,American Indian and Alaska Native,722,42.70%,"2,792",0.60%,,,,,,,,,,,,,,
2010,Kane,Asian,"12,738",70.50%,"19,024",3.80%,,,,,,,,,,,,,,
2010,Kane,Native Hawaiian and Other Pacific Islander,67,77.60%,191,0.00%,,,,,,,,,,,,,,
2010,Kane,Some other race,"47,744",52.10%,"75,888",15.10%,,,,,,,,,,,,,,
2009,Kane,White,"293,428",56.80%,,,,,,,,,,,,,,,,
2009,Kane,Black or African American,"19,093",30.00%,,,,,,,,,,,,,,,,
2009,Kane,American Indian and Alaska Native,693,38.40%,,,,,,,,,,,,,,,,
2009,Kane,Asian,"11,238",70.20%,,,,,,,,,,,,,,,,
2009,Kane,Native Hawaiian and Other Pacific Islander,80,85.00%,,,,,,,,,,,,,,,,
2009,Kane,Some other race,"41,208",51.10%,,,,,,,,,,,,,,,,
2017,Will,White,"405,839",56.80%,"522,535",76.00%,,,,,,,,,,,,,,
2017,Will,Black or African American,"61,758",35.10%,"85,802",12.50%,,,,,,,,,,,,,,
2017,Will,American Indian and Alaska Native,927,42.80%,"4,138",0.60%,,,,,,,,,,,,,,
2017,Will,Asian,"28,103",68.40%,"42,121",6.10%,,,,,,,,,,,,,,
2017,Will,Native Hawaiian and Other Pacific Islander,151,12.60%,521,0.10%,,,,,,,,,,,,,,
2017,Will,Some other race,"35,127",50.30%,"52,471",7.60%,,,,,,,,,,,,,,
2016,Will,White,"405,170",56.80%,"524,199",76.50%,,,,,,,,,,,,,,
2016,Will,Black or African American,"60,626",35.30%,"84,737",12.40%,,,,,,,,,,,,,,
2016,Will,American Indian and Alaska Native,"1,106",50.40%,"4,352",0.60%,,,,,,,,,,,,,,
2016,Will,Asian,"27,355",68.00%,"40,965",6.00%,,,,,,,,,,,,,,
2016,Will,Native Hawaiian and Other Pacific Islander,108,16.70%,568,0.10%,,,,,,,,,,,,,,
2016,Will,Some other race,"33,010",50.80%,"49,560",7.20%,,,,,,,,,,,,,,
2015,Will,White,"405,853",57.40%,"526,729",77.00%,,,,,,,,,,,,,,
2015,Will,Black or African American,"59,484",35.50%,"84,031",12.30%,,,,,,,,,,,,,,
2015,Will,American Indian and Alaska Native,"1,146",48.30%,"4,395",0.60%,,,,,,,,,,,,,,
2015,Will,Asian,"26,529",68.30%,"40,295",5.90%,,,,,,,,,,,,,,
2015,Will,Native Hawaiian and Other Pacific Islander,36,50.00%,527,0.10%,,,,,,,,,,,,,,
2015,Will,Some other race,"30,454",51.30%,"47,151",6.90%,,,,,,,,,,,,,,
2014,Will,White,"405,474",57.80%,"529,573",77.60%,,,,,,,,,,,,,,
2014,Will,Black or African American,"58,258",36.00%,"83,072",12.20%,,,,,,,,,,,,,,
2014,Will,American Indian and Alaska Native,"1,121",55.70%,"4,806",0.70%,,,,,,,,,,,,,,
2014,Will,Asian,"25,366",67.80%,"38,525",5.60%,,,,,,,,,,,,,,
2014,Will,Native Hawaiian and Other Pacific Islander,57,49.10%,643,0.10%,,,,,,,,,,,,,,
2014,Will,Some other race,"28,171",51.10%,"44,575",6.50%,,,,,,,,,,,,,,
2013,Will,White,"406,063",58.50%,"532,859",78.40%,,,,,,,,,,,,,,
2013,Will,Black or African American,"57,029",37.30%,"81,882",12.00%,,,,,,,,,,,,,,
2013,Will,American Indian and Alaska Native,862,62.60%,"4,692",0.70%,,,,,,,,,,,,,,
2013,Will,Asian,"24,134",68.90%,"36,848",5.40%,,,,,,,,,,,,,,
2013,Will,Native Hawaiian and Other Pacific Islander,68,52.90%,672,0.10%,,,,,,,,,,,,,,
2013,Will,Some other race,"25,427",51.20%,"40,180",5.90%,,,,,,,,,,,,,,
2012,Will,White,"405,847",59.00%,"535,343",79.00%,,,,,,,,,,,,,,
2012,Will,Black or African American,"56,056",39.30%,"80,919",11.90%,,,,,,,,,,,,,,
2012,Will,American Indian and Alaska Native,855,65.30%,"4,733",0.70%,,,,,,,,,,,,,,
2012,Will,Asian,"22,925",70.90%,"35,267",5.20%,,,,,,,,,,,,,,
2012,Will,Native Hawaiian and Other Pacific Islander,86,53.50%,595,0.10%,,,,,,,,,,,,,,
2012,Will,Some other race,"23,211",53.00%,"37,036",5.50%,,,,,,,,,,,,,,
2011,Will,White,"402,921",59.60%,"532,687",79.00%,,,,,,,,,,,,,,
2011,Will,Black or African American,"54,918",40.00%,"79,441",11.80%,,,,,,,,,,,,,,
2011,Will,American Indian and Alaska Native,714,67.40%,"4,444",0.70%,,,,,,,,,,,,,,
2011,Will,Asian,"21,734",74.20%,"33,840",5.00%,,,,,,,,,,,,,,
2011,Will,Native Hawaiian and Other Pacific Islander,83,54.20%,507,0.10%,,,,,,,,,,,,,,
2011,Will,Some other race,"23,800",54.50%,"38,107",5.70%,,,,,,,,,,,,,,
2010,Will,White,"397,975",59.90%,"528,416",79.10%,,,,,,,,,,,,,,
2010,Will,Black or African American,"53,210",41.20%,"77,411",11.60%,,,,,,,,,,,,,,
2010,Will,American Indian and Alaska Native,652,61.70%,"4,778",0.70%,,,,,,,,,,,,,,
2010,Will,Asian,"20,832",73.90%,"31,922",4.80%,,,,,,,,,,,,,,
2010,Will,Native Hawaiian and Other Pacific Islander,112,51.80%,506,0.10%,,,,,,,,,,,,,,
2010,Will,Some other race,"24,647",56.80%,"39,630",5.90%,,,,,,,,,,,,,,
2009,Will,White,"399,035",58.80%,,,,,,,,,,,,,,,,
2009,Will,Black or African American,"51,704",38.70%,,,,,,,,,,,,,,,,
2009,Will,American Indian and Alaska Native,563,47.20%,,,,,,,,,,,,,,,,
2009,Will,Asian,"18,946",72.60%,,,,,,,,,,,,,,,,
2009,Will,Native Hawaiian and Other Pacific Islander,62,51.60%,,,,,,,,,,,,,,,,
2009,Will,Some other race,"25,557",59.00%,,,,,,,,,,,,,,,,
,,,,,,,,,,,,,,,,,,,,
,,,,,,,,,,,,,,,,,,,,
,,,,,,,,,,,,,,,,,,,,
,,,,,,,,,,,,,,,,,,,,